"","reg","name","slope1","peak","cum","pop_density_km","pop_white_perc","unemploy_perc","address_garden_perc","green_km_pp","urban_km_pp","frag","ln","lt","meantempperiod","meanrainperiod","r2","meantempperiod2","meanrainperiod2","av_garden_m","meantempperiod_total","meanrainperiod_total","pval","slope2","meanrelpark1","meanrelmob1","meanrelnotpark1","meanrelpark2","meanrelmob2","meanrelnotpark2","parkpref1","parkpref2","ihsslope1","ihsslope2","meanrelparktotal","meanrelmobtotal","meanrelnotparktotal","parkpreftotal"
"1","South East","Aylesbury Vale",0.04022694,18,390,2.13e-05,88.02083333,2.7,88,4.41e-05,0.001329559,5.32125,-0.87746,51.90037918,7.47619047619048,0.26047619047619,0.515000035926683,10.6857142857143,0.635238095238095,418.7,9.61587301587302,0.51031746031746,0.00265287401156179,-0.015887,-2.4139748076919,-23.2415331823205,-27.4070448572462,16.8278648660913,-22.0321324238747,-29.8041318818679,24.9930700495543,46.6319967479591,2.10020200591602,-1.24297909037572,10.1084922815956,-22.454462847459,-28.9670538732699,39.0755461548654
"2","London","Barking and Dagenham",0.065910673,22,491,0.000580185,36.36363636,5.7,85,0.006089586,0.000814124,3.12125,0.12950601,51.54552078,7.29130434782609,0.860869565217391,0.658203878657443,10.2755102040816,0.552448979591837,171,9.32222222222222,0.650972222222222,2.90334112337789e-05,-0.02709,1.43639681075619,-9.71722662812268,-11.9479513158985,0.149117223587349,-24.3451751386259,-29.2440336110686,13.3843481266547,29.3931508346559,2.58456820034642,-1.72217310745263,0.542452653000052,-19.875524204861,-23.9591195764332,24.5015722294333
"3","London","Barnet",0.085191961,65,1272,0.000442731,49.35064935,4.5,80,0.00187568,0.000587653,4.3675,-0.21821,51.61108017,7.1,0.903333333333333,0.782797895991177,9.87959183673469,0.58469387755102,303.7,8.96575342465753,0.689452054794521,3.02811291489071e-08,-0.030621,17.461746013338,-15.1537404427365,-21.6768377339514,18.2432499682685,-31.4947714095367,-41.4423756850978,39.1385837472894,59.6856256533663,2.83889613085569,-1.83790339749133,17.9863171611681,-26.1223776670271,-34.9441166326661,52.9304337938342
"4","North West","Barrow-in-Furness",0.064319465,53,540,8.68e-05,95.52238806,4.7,94,0.000234819,0.000464455,3.784375,-3.19975996,54.15737152,6.93333333333333,0.56,0.544943466184749,10.6032258064516,0.737096774193548,327.1,9.12115384615385,0.665576923076923,0.000500290467681787,-0.031525,-13.3515228409522,-22.0229610980251,-23.7572487494397,-8.3984741203536,-32.6790182743363,-37.5351271051329,10.4057259084875,29.1366529847793,2.56041337705808,-1.86559889490257,-10.3987437959799,-28.3756105685183,-31.970983923026,21.5722401270461
"5","South East","Basingstoke and Deane",0.052619512,33,677,2.78e-05,83.52272727,2.8,92,9.19e-05,0.002433412,5.695625,-1.22020996,51.2593689,6.75555555555556,0.451111111111111,0.50816810765838,10.9254901960784,0.536470588235294,424.1,9.83768115942029,0.514202898550725,0.0181178921805322,-0.01863,-25.9234414343377,-22.2230652639815,-21.4829900299102,-5.07655655946824,-24.5451478248877,-28.4388660779716,-4.44045140442745,23.3623095185034,2.36255833782575,-1.38063319331189,-10.5148743529124,-23.9393871568252,-26.6242897176078,16.1094153646953
"6","London","Bexley",0.042798676,40,704,0.000403879,74.28571429,4.2,89,0.00154988,0.00058512,4.36375,0.146212,51.45820999,7.22592592592593,0.733333333333333,0.647957858794859,10.7021739130435,0.588478260869565,240.2,9.41643835616438,0.642054794520548,2.59867256447904e-05,-0.026066,-11.0621779171894,-21.584033332533,-23.6884044156017,-2.11572602742596,-29.5066783101491,-34.9848687666937,12.6262264984124,32.8691427392677,2.16044634687185,-1.6861097898704,-5.42468768528366,-26.5763849622637,-30.8067244176597,25.382036732376
"7","West Midlands","Birmingham",0.06126077,132,3356,0.000421803,51.5070922,8.2,86,0.003382544,0.000502401,3.77625,-1.88141,52.48403931,7.47272727272727,0.935454545454545,0.856154995798644,11.5765995989214,0.24074696039609,229.1,10.777615606211,0.375999764566763,1.29846698214824e-05,-0.016003,31.1980557689771,-9.66965031974858,-17.8431915374937,61.1738489639307,-16.231608532247,-31.7127000314825,49.0412473064708,92.8865489954133,2.51229770957655,-1.24914231686857,55.07258132248,-14.8959887190836,-28.8897027273963,83.9622840498763
"8","North West","Blackburn with Darwen",0.128065361,17,393,0.000107859,66.21621622,5.5,95,0.00012515,0.000935161,3.555,-2.46359992,53.70080185,6.46428571428571,0.135714285714286,0.649019979792657,10.4644444444444,0.600666666666667,172.6,9.51525423728814,0.490338983050847,2.39124405547412e-06,-0.017312,-21.0389429225611,-31.7442568400022,-33.8853196234904,7.75527479169951,-30.4218053975328,-38.0572214353793,12.8463767009293,45.8124962270788,3.24462370216464,-1.31653241476273,0.922748554417328,-30.7356074347289,-37.0672786325582,37.9900271869755
"9","North West","Blackpool",0.070173844,22,660,0.000401913,95,5.6,91,0.003135355,0.000700884,3.450625,-3.02284002,53.8216095,8.00952380952381,0.109047619047619,0.528990571308896,11.9414613450999,0.517051976890983,150,10.8962627596936,0.408595122274393,5.07837061815067e-05,-0.014771,-27.1674974126059,-34.6102755671333,-36.0988311980388,17.8031398819133,-24.4886104513068,-32.9469605179508,8.93133378543288,50.7501003998641,2.64657629948096,-1.1819930851272,5.84891984159809,-27.1791796593113,-33.7847995594932,39.6337194010913
"10","North West","Bolton",0.075804095,45,1025,0.000202207,77.11267606,5.8,91,0.00039104,0.000566108,5.3775,-2.47952008,53.58449173,7.94,0.486666666666667,0.686543920843609,11.6792590108102,0.430425877193147,185,10.3277196093126,0.450753873388395,2.75008843331039e-10,-0.030097,-9.26541511787757,-30.4711299659509,-34.7122729355655,23.6515373476101,-28.0087192069816,-38.3407705179,25.446857817688,61.9923078655101,2.72303693688866,-1.82150941364349,11.7538436853856,-28.8987471921512,-37.0292653676586,48.7831090530443
"11","Yorkshire and The Humber","Bradford",0.121284684,50,1444,0.000144847,68.79699248,6.4,87,0.000178287,0.000818519,3.93875,-1.87389004,53.84381866,6.80714285714286,0.407142857142857,0.732186221242125,11.949768137189,0.169901277105531,212.4,11.250770526309,0.202147705460119,3.15402710691764e-07,-0.0099793,-0.662799375707496,-27.4208243916282,-32.7724293948123,36.747936463001,-29.3058237905868,-42.5165758413043,32.1096300191048,79.2645123043053,3.19039784085913,-0.879909118250901,31.6629820771571,-29.0496102800487,-41.1921287514899,72.855110828647
"12","London","Brent",0.042863407,58,1420,0.000751801,15.95092025,4.7,82,0.005072881,0.000899983,3.58,-0.27568001,51.56441116,7.124,0.8764,0.75569105307106,10.5560975609756,0.654390243902439,235.9,9.25606060606061,0.738484848484849,0.00428284812824023,-0.025806,3.99883566420011,-20.505943850284,-25.4068997531808,12.6678191685712,-32.1566782690877,-41.1215777566195,29.4057354173809,53.7893969251906,2.16191807717803,-1.67675622503006,9.38411329570333,-27.7435212922681,-35.1690482098624,44.5531615055657
"13","South West","Bristol, City of",0.041316296,28,671,0.000415726,78.11816193,3.9,84,0.00171522,0.000631467,4.46125,-2.57742,51.47114944,7.725,0.4575,0.601813409420632,10.903125,0.82625,180.8,9.42,0.654166666666667,0.000192014739296231,-0.026159,3.10714285714286,-27.5654761904762,-33.7,13.34375,-36.984375,-47.05,36.8071428571428,60.39375,2.1261527100441,-1.68943575764329,8.56666666666667,-32.5888888888889,-40.82,49.3866666666667
"14","London","Bromley",0.05267362,49,1266,0.000218385,73.70030581,3,85,0.00059719,0.000408645,5.266875,0.039246,51.37266922,7.47272727272727,0.935454545454545,0.742304853927687,10.1807692307692,0.545961538461538,331.1,9.37567567567567,0.661756756756757,8.97766035249185e-05,-0.014942,33.7258032893921,-11.022331411299,-19.9719583514372,8.53665710699463,-31.4600052670367,-39.459337741843,53.6977616408294,47.9959948488376,2.36356804382805,-1.19154164398645,16.0253221882479,-25.3839400666823,-33.6657925176683,49.6911147059162
"15","North West","Bury",0.043467518,31,768,0.000188166,85.10638298,4.4,93,0.000332317,0.000505721,5.67375,-2.30879998,53.5931015,7.55416666666667,0.354583333333333,0.551141458527662,11.7567930737357,0.387859582134272,190.4,10.496005151615,0.37787670749399,0.00127896299713433,-0.014583,3.25148687388016,-24.2648268848394,-29.7680896365833,33.6332347361905,-21.127936147065,-32.0801703237161,33.0195765104634,65.7134050599066,2.17555242481739,-1.17140739281353,24.5187103774974,-22.0690033683973,-31.3865461175763,55.9052564950737
"16","London","Camden",0.031359939,29,577,0.001163615,46.77419355,4.5,61,0.009629581,0.001346757,2.638125,-0.16289,51.5430603,6.95862068965517,0.772413793103448,0.729750670184105,10.7814814814815,0.642962962962963,160.9,8.80178571428571,0.71,0.00057745286762441,-0.026604,-2.91766337421686,-26.4761813796561,-31.187884980744,-6.23853629064557,-41.7383082694972,-48.8382626652675,28.2702216065271,42.5997263746219,1.86059618493357,-1.70520879289142,-4.51879853035213,-33.8347068444009,-39.6978885072106,35.1790899768585
"17","North West","Cheshire East",0.055242796,39,1355,3.23e-05,93.65079365,3,91,4.63e-05,0.000435776,6.3425,-2.29298997,53.1679306,7.82903225806452,0.638064516129032,0.647083644489392,12.2202639003781,0.631150253997656,408.3,10.9938838921644,0.633081264142455,3.28128803296423e-08,-0.015588,-11.2903225806452,-23.010752688172,-25.3548387096774,18.8108765431642,-26.9025762051545,-36.0452667548183,14.0645161290323,54.8561432979824,2.41039313825771,-1.22694318245706,10.4042353464246,-25.8156705382495,-33.0596517151843,43.463887061609
"18","North West","Cheshire West and Chester",0.073519799,40,1229,3.67e-05,93.45238095,3.4,92,5.7e-05,0.000348958,6.80875,-2.70298004,53.1633606,7.04545454545454,0.442272727272727,0.75917805744296,12.051622956017,0.627889660194902,388.8,10.9502659056932,0.587053934952024,7.49839430698555e-09,-0.013376,-18.5454545454545,-27.2575757575758,-29,9.56410256410256,-30.1175213675214,-38.0538461538462,10.4545454545455,47.6179487179487,2.69271027794518,-1.10116966979975,3.38,-29.4883333333333,-36.062,39.442
"19","North East","County Durham",0.080301264,86,2022,2.33e-05,97.31285988,5.4,94,2.96e-05,0.000334258,4.993125,-1.8405,54.68513107,7.50416666666667,0.421666666666667,0.80709297851783,11.8271006197417,0.513813188520813,215.7,10.546231300312,0.486510515378844,3.91113047072689e-08,-0.017735,-8.75,-22.7847222222222,-25.5916666666667,18.2280701754386,-25.0321637426901,-33.6842105263158,16.8416666666667,51.9122807017544,2.78020209007017,-1.33749834983719,10.2345679012346,-24.3662551440329,-31.2864197530864,41.520987654321
"20","West Midlands","Coventry",0.064504527,29,793,0.000359109,64.02266289,4.6,85,0.001661006,0.000534359,4.820625,-1.51908004,52.41423035,6.75555555555556,0.451111111111111,0.590562312001906,10.824,0.5472,186.4,9.74705882352941,0.521764705882353,0.000510384493270912,-0.021378,-24.4986342179588,-25.1169970618209,-25.2406696305933,3.55278952077553,-28.95836107831,-35.4605911981271,0.742035412634461,39.0133807189026,2.56325246608149,-1.50361612394856,-3.87258735124239,-27.9415294268864,-32.7553178420152,28.8827304907728
"21","London","Croydon",0.059710028,80,1498,0.000441559,48.17708333,5.3,83,0.001109897,0.000796211,5.38125,-0.07761,51.36597824,7.17826086956522,0.84304347826087,0.748025433195636,10.8528301886792,0.517735849056604,257.9,9.74078947368421,0.616184210526316,7.46761372109833e-05,-0.02918,20.2725252384638,-12.6564724233943,-19.2422719557659,19.8392144375473,-23.4624335159478,-32.1227631066468,39.5147971942297,51.9619775441941,2.4870014994946,-1.79219181323827,19.9703479694036,-20.1922084484645,-28.2247197320381,48.1950677014417
"22","South East","Dartford",0.045822014,26,444,0.000145434,84.90566038,2.5,90,0.000534757,0.000344497,5.74125,0.245276,51.43373108,7.42727272727273,0.278181818181818,0.505951841810784,10.8028571428571,0.757142857142857,255.2,9.5,0.572280701754386,0.00437758362072055,-0.03265,-2.46257845678235,-28.1652646643071,-33.3058019058121,8.72810114071217,-27.7186871746345,-35.0080448377038,30.8432234490298,43.736145978416,2.22702622723767,-1.89907414851515,4.40889147150376,-27.8910504162625,-34.3510387938158,38.7599302653196
"23","East Midlands","Derby",0.107970416,30,586,0.000325217,77.734375,4.3,90,0.001152843,0.000610535,5.24625,-1.47188997,52.91463852,7.43571428571429,0.911428571428571,0.582790369416104,10.5171875,0.45515625,216.3,9.96410256410256,0.537051282051282,6.74132949062778e-05,-0.012681,-4.5,-6.79761904761905,-7.25714285714286,13.4524929458716,-32.8513091372492,-42.1120695538734,2.75714285714286,55.564562499745,3.07455700724066,-1.05885027653478,10.2302506222536,-28.1750057878284,-35.8560570698448,46.0863076920985
"24","West Midlands","Dudley",0.084166548,35,856,0.00032688,87.42138365,5,93,0.001961035,0.000400288,4.013125,-2.10171008,52.49512863,7.49473684210526,0.933157894736842,0.65273211560056,9.93137254901961,0.562549019607843,238.2,9.27,0.663142857142857,1.17448928606766e-05,-0.015475,1.02775141680298,-15.8342208127854,-19.206615258703,-0.204818634607832,-29.1756231364359,-34.9697840368015,20.234366675506,34.7649654021937,2.82687017704166,-1.22082591885603,0.129736093632246,-25.5543853628736,-30.6912096541748,30.820945747807
"25","Yorkshire and The Humber","East Riding of Yorkshire",0.022726,34,908,1.4e-05,95.85798817,3.5,92,7.32e-05,0.000780419,3.97625,-0.66202998,53.88122177,8.978125,0.2121875,0.636460922684539,12.0900937292046,0.428190601499927,400.5,10.7259430533889,0.333504310431466,0.000131430613300276,-0.017049,-21.53125,-32.7135416666667,-34.95,20.1951219512195,-20.8780487804878,-29.0926829268293,13.41875,49.2878048780488,1.55929838535449,-1.3033021685674,1.9041095890411,-26.0662100456621,-31.6602739726027,33.5643835616438
"26","London","Enfield",0.075562715,35,855,0.000401855,39.87915408,6,84,0.001454875,0.000661,4.98,-0.08147,51.64888,7.405,1.011,0.682525898403008,9.73170731707317,0.598536585365854,194.5,8.96885245901639,0.733770491803279,7.8624642455998e-05,-0.017294,20.4045315074852,-5.70298794748454,-10.9244918384785,14.5280253316654,-23.7260749293617,-31.3768949815672,31.3290233459637,45.9049203132325,2.71987507648893,-1.31563173198373,16.4547486679997,-17.8168660828446,-24.6711890330135,41.1259377010132
"27","North East","Gateshead",0.092847607,44,991,0.000143653,95.07389163,5.6,91,0.000334769,0.000684227,6.37625,-1.6868,54.93119812,7.36666666666667,0.127222222222222,0.596693453717471,10.8,0.606363636363636,184.8,9.80322580645161,0.467258064516129,0.000782972290149746,-0.030012,-14.688158158158,-29.005238773052,-31.8686548960308,15.5619416005367,-23.2948508125396,-31.0662092951549,17.1804967378728,46.6281508956916,2.92440907180878,-1.81882586426157,6.77965457381888,-24.9527053817206,-31.2991773728285,38.0788319466474
"28","South East","Gravesham",0.096114172,18,259,0.000106064,72.38095238,4.6,92,0.000190526,0.000958875,5.720625,0.39874399,51.39649963,6.51875,0.135,0.506880732632034,10.725641025641,0.68948717948718,290.1,9.50181818181818,0.528181818181818,0.00051764779396452,-0.02694,-9.37162671846414,-29.3769051259174,-33.377960807408,7.31742047606433,-28.3722014583235,-35.5101258452011,24.0063340889439,42.8275463212654,2.95879417689238,-1.71696592647504,2.46242492856514,-28.6644788888963,-34.8898596523885,37.3522845809537
"29","London","Greenwich",0.031760409,36,676,0.00059073,51.25448029,4.8,80,0.003210271,0.000814575,3.858125,0.050108,51.46395874,7.42142857142857,0.706071428571429,0.608573595355294,10.8444444444444,0.736388888888889,166.7,9.346875,0.723125,0.00217105839551308,-0.038401,65.3961342902693,-7.07447187358496,-21.5685931063558,60.4194339674794,-17.2429950606572,-32.7754808662846,86.9647273966251,93.1949148337639,1.87269270495832,-2.05518334550411,62.5967403587,-12.7942661663131,-27.8724674713157,90.4692078300157
"30","London","Hackney",0.055093739,38,615,0.001422247,37.72893773,4.9,69,0.012875386,0.001648982,3.038125,-0.06045,51.5549202,7.04642857142857,0.7825,0.583307852980418,10.6032258064516,0.737096774193548,116.3,8.91525423728813,0.75864406779661,0.000145835777483806,-0.044437,3.01911202376592,-23.3187235922694,-28.5862907154765,7.37072815502664,-36.1948504632273,-44.9079661868781,31.6054027392424,52.2786943419047,2.40773459775921,-2.19706114967422,5.30555439781816,-30.0841461854846,-37.1620863021451,42.4676406999633
"31","London","Haringey",0.034424575,29,565,0.000907196,36.02941176,4.1,84,0.010133435,0.00110477,3.251875,-0.10667,51.58771133,7.15925925925926,0.811111111111111,0.678075735255268,10.628125,0.7140625,132.5,9.0406779661017,0.758474576271186,0.000939182017988714,-0.034702,20.5814402441904,-14.3967082174885,-21.3923379098243,21.4964345141923,-28.2610356828061,-38.2125297222058,41.9737781540147,59.7089642363981,1.94979100998542,-1.95750139739228,21.0777083228355,-21.916343452915,-30.5151538080651,51.5928621309006
"32","London","Harrow",0.071960274,40,994,0.000493271,28.1124498,4.3,85,0.002323598,0.000629272,4.105625,-0.33603001,51.59466934,7.565,0.907,0.682779778638205,9.94878048780488,0.59780487804878,269.2,9.1672131147541,0.699180327868852,8.75439808640312e-08,-0.020283,-23.4646747049946,-20.4701615036318,-19.8712588633592,-27.1171534895527,-36.2343970480401,-38.0578457597375,-3.59341584163537,10.9406922701848,2.67146956934969,-1.45622045631676,-25.9196194618288,-31.0657952302013,-32.0950303838758,6.17541092204704
"33","London","Havering",0.064595869,33,663,0.000224777,79.84189723,4.6,90,0.000610663,0.000529557,5.74875,0.235368,51.56518936,7.16153846153846,0.745769230769231,0.719788660360337,10.6833333333333,0.761666666666667,249.1,9.04821428571429,0.754285714285714,2.9262670762094e-06,-0.034155,-27.3791100166452,-22.8840384926651,-21.9850241878691,-24.1029429856328,-34.1851513756549,-36.2015930536593,-5.39408582877611,12.0986500680265,2.56465083931598,-1.94224370471187,-25.6240205357457,-28.9382061085525,-29.6010432231138,3.97702268736814
"34","London","Hillingdon",0.085632596,44,745,0.000257848,45.81939799,4,88,0.000873912,0.000431129,5.35875,-0.44182,51.53662872,7.565,0.907,0.700653947297071,9.88205128205128,0.628461538461538,236.7,9.09661016949152,0.722881355932203,2.03580518637076e-06,-0.025546,6.49201505785329,-14.4219996905167,-18.6048026401906,10.5459995247985,-30.6863254400073,-38.9327904329685,25.0968176980439,49.478789957767,2.84402006189943,-1.66732036395277,9.17176750210522,-25.1729946774681,-32.0419471133828,41.213714615488
"35","London","Hounslow",0.043759395,33,707,0.000475805,33.58208955,5,81,0.001933676,0.000654826,4.5325,-0.37843999,51.46242905,7.12,0.7756,0.509447377832709,10.8842105263158,0.706052631578947,170,9.39047619047619,0.733650793650794,0.00198734883361999,-0.03244,41.8255944597233,-12.4331195318891,-23.2848623302116,42.2915275046595,-25.2693882238991,-38.7815713696108,65.1104567899349,81.0730988742703,2.18207553587664,-1.89290613081906,42.1066334392086,-20.1756308064348,-32.6320836555635,74.7387170947721
"36","London","Kingston upon Thames",0.038879294,21,496,0.00046125,62.20930233,3.2,87,0.001580028,0.000682549,4.579375,-0.28367001,51.39295959,7.128,0.578,0.598026901864058,10.725641025641,0.68948717948718,244.5,9.3203125,0.6459375,0.00100671064228848,-0.02076,-28.1385872572239,-28.1973611811967,-28.2091159659913,-7.20892400998634,-32.6797333269207,-37.7738951903076,0.0705287087673661,30.5649711803212,2.06716683896494,-1.47711610111116,-15.3845737159385,-30.9288067074973,-34.037653305809,18.6530795898705
"37","Yorkshire and The Humber","Kirklees",0.063359635,29,776,0.000106426,75.86206897,4.1,88,0.000138704,0.000699536,5.810625,-1.78085005,53.64233017,6.84210526315789,0.512105263157895,0.698616008670719,11.8488583731675,0.573718424147715,248.8,10.767854860779,0.560415582570367,4.83976582545022e-05,-0.014462,32.1238755631631,-12.2381895179694,-21.1106025341959,49.2758065201908,-16.4164135665542,-29.5548575839032,53.2344780973589,78.830664104094,2.54555920702337,-1.16454502816497,45.5725486999235,-15.5142970106097,-27.7316661527164,73.3042148526398
"38","North West","Knowsley",0.136396807,32,613,0.000169085,95.27027027,3.8,93,0.000666312,0.000404099,5.68625,-2.8329699,53.43788147,6.6,0.362857142857143,0.604518355695022,10.6625,0.67075,192.4,9.60925925925926,0.590925925925926,0.000217764178203808,-0.021802,-18.4961456255112,-24.284727285849,-25.4424436179166,-16.3043288754478,-31.932789878646,-35.0584820792857,6.94629799240542,18.7541532038378,3.30747151361796,-1.52143650344292,-16.8725776625013,-29.949958836069,-32.5654350707826,15.6928574082813
"39","London","Lambeth",0.08287514,53,1185,0.001214954,47.9876161,5.3,75,0.010889123,0.001372946,3.339375,-0.11385,51.46442032,7.4,0.963809523809524,0.657702127444134,10.045652173913,0.620869565217391,132.3,9.21641791044776,0.728358208955224,2.786342076793e-05,-0.033227,10.4935851276878,-13.2250529560359,-17.9687805727807,9.7604621952479,-29.3422141186558,-37.1627493814365,28.4623657004685,46.9232115766844,2.81151742791536,-1.91583652682967,9.99024699496788,-24.2905665900734,-31.1467293070817,41.1369763020496
"40","North West","Lancaster",0.081460552,41,780,2.47e-05,90.14084507,4.5,87,2.64e-05,0.001051992,2.935,-2.66030002,54.07901001,6.86470588235294,0.477647058823529,0.582591785678263,10.4619047619048,0.640238095238095,260.8,9.42542372881356,0.593389830508475,0.000252243665114541,-0.02691,9.02646441961843,-20.8670244877001,-26.8457222691639,19.275490425073,-28.9433546402674,-38.5871236533355,35.8721866887823,57.8626140784086,2.79442728332785,-1.71592143237068,16.3223812370607,-26.6162764607141,-35.2040080002691,51.5263892373298
"41","Yorkshire and The Humber","Leeds",0.038667629,72,1883,0.000141448,81.53846154,4.3,85,0.000469185,0.000372868,5.5575,-1.50735998,53.82273102,7.79615384615385,0.389230769230769,0.849852543946826,11.9779943884355,0.677865061731357,228.3,10.8570886760714,0.600499168896148,1.33452474873639e-05,-0.016613,45.1135948921252,-15.7849181722934,-27.9646207851772,70.2707021991148,-12.7330779273728,-29.3338339526703,73.0782156773023,99.6045361517851,2.06188078541714,-1.28103126260011,63.2682084126331,-13.58255923266,-28.9527127617186,92.2209211743517
"42","London","Lewisham",0.043430892,52,966,0.000838368,47.98657718,4.7,82,0.005393605,0.000994403,3.949375,-0.01733,51.44231033,7.17826086956522,0.84304347826087,0.774923986272114,10.5634146341463,0.655853658536585,158.9,9.346875,0.723125,0.000121474794974544,-0.025761,-17.7885866419732,-17.9110609714624,-17.9355558373603,-23.0771926088491,-32.6465625760289,-34.5604365694649,0.146969195387037,11.4832439606158,2.17473094003967,-1.67512902175132,-21.1765998395031,-27.3509916868879,-28.5858700563648,7.40927021686172
"43","North West","Liverpool",0.079617643,74,1649,0.000439011,82.75154004,4.8,84,0.003772785,0.00057513,3.56125,-2.91364002,53.40829849,6.935,0.621,0.769065891304906,11.4116124075903,0.58139795157076,144.4,10.345752310545,0.590827010720579,6.67287958381641e-06,-0.020059,19.8705720576668,-17.9618647248354,-25.5283520813358,28.548049132191,-25.0310925522908,-35.7469208891872,45.3989241390026,64.2949700213781,2.77171853189439,-1.44627092617205,26.4819831620662,-23.3479430695633,-33.3139283158892,59.7959114779554
"44","North West","Manchester",0.089509935,73,1732,0.000467212,57.6427256,5.8,79,0.002526324,0.000589728,3.925625,-2.23358989,53.47008896,6.93333333333333,0.56,0.668095494259103,12.0945841619258,0.640159174473614,148.4,11.0816283918282,0.624427000044213,2.21102494572099e-08,-0.014899,26.3081529587915,-21.0942425695474,-30.5747216752152,58.7981615331677,-21.3708447735601,-37.4046460349056,56.8828746340066,96.2028075680733,2.88801751666665,-1.18914765562619,52.4216177942714,-21.3165583596884,-36.0641935904804,88.4858113847518
"45","South East","Medway",0.078993402,37,753,0.000143372,85.19855596,4.1,92,0.000596389,0.000422645,4.29125,0.563173,51.44770813,7.02916666666667,0.592083333333333,0.527239648105906,10.9375,0.57,216.1,9.63472222222222,0.577361111111111,1.74412718184619e-06,-0.024523,-4.66666666666667,-18.2361111111111,-20.95,6.98024180013645,-30.2588177275635,-37.7066296331034,16.2833333333333,44.6868714332399,2.7639089898873,-1.62936863283692,3.09793897786874,-26.2512488554127,-32.121086422069,35.2190253999377
"46","London","Merton",0.033778996,37,658,0.000553795,43.96135266,4.3,88,0.003454742,0.000693035,4.2,-0.18866999,51.41056824,7.18846153846154,0.761538461538462,0.709379639089714,10.6266666666667,0.751666666666667,165.4,9.03035714285714,0.75625,0.000281561448121125,-0.030446,-6.46131046179143,-14.5745708612773,-16.1972229411745,-5.34182255950864,-26.8329681060167,-31.1311972153183,9.73591247938302,25.7893746558097,1.93162456387675,-1.83245665135621,-5.86158479985422,-21.1415693852448,-24.197566302323,18.3359815024687
"47","North East","Middlesbrough",0.188570364,26,631,0.000260616,82.9787234,7.6,95,0.001310782,0.000393591,4.925,-1.21098995,54.5446701,6.6,0.362857142857143,0.747886180255863,10.6615384615385,0.679230769230769,181.3,9.58867924528302,0.595660377358491,1.54908792243635e-08,-0.017813,-31.1353468301313,-31.3669264504919,-31.413242374564,-29.7158024299363,-39.6194397762514,-41.6001672455145,0.277895544432702,11.8843648155782,3.63073562953226,-1.34132300786375,-30.0907764224406,-37.4395305958621,-38.9092814305464,8.8185050081058
"48","North East","Newcastle upon Tyne",0.077900072,41,1054,0.000259521,81.97278912,6.1,86,0.001139814,0.00054786,5.5475,-1.65296996,55.02101135,6.88,0.588,0.662489539721353,11.2714285714286,0.49,169.9,10.1157894736842,0.515789473684211,3.70266167447052e-05,-0.022978,0.405318448611755,-26.6221942206069,-32.0276967544507,8.18017593582681,-30.8397171460545,-38.6436957624308,32.4330152030624,46.8238716982576,2.75008342519471,-1.56940099303704,6.13416080761233,-29.7298426919893,-36.9026433919097,43.036804199522
"49","London","Newham",0.053762711,57,989,0.000949918,15.36231884,4.8,82,0.017603304,0.001190467,2.515625,0.027369,51.53131866,7.25,0.825,0.812159744575554,10.5368421052632,0.604736842105263,103.3,9.26451612903226,0.69,3.60463199064267e-05,-0.030057,10.1862806064805,-19.2039819178078,-25.0820344226654,6.82274860252954,-31.4107044128754,-39.0573950159564,35.2683150291459,45.880143618486,2.38368134030333,-1.82024741801976,8.1247609911557,-26.6855215115589,-33.6475780121019,41.7723390032576
"50","North East","Northumberland",0.071672101,40,991,6.33e-06,98.11320755,4.7,93,6.53e-06,0.001045598,1.915625,-2.07521009,55.30036926,7.58846153846154,0.467307692307692,0.678417804102564,10.5512195121951,0.650731707317073,343.5,9.40149253731343,0.57955223880597,3.79746830764537e-05,-0.026447,-5.73076923076923,-20.6538461538462,-23.6384615384615,-26.0731707317073,-33.5320370213984,-35.0238102793366,17.9076923076923,8.95063954762931,2.66749526129843,-1.69967044783435,-18.1791044776119,-28.5345301175722,-30.6056152455642,12.4265107679523
"51","North West","Oldham",0.056937023,48,1137,0.000163435,70.68965517,4.5,91,0.000184897,0.001786661,4.129375,-2.0527401,53.55767822,7.45,0.492692307692308,0.662259075944614,12.3457724835491,0.368345364215087,166,11.0335035704328,0.401675472775991,1.43636922753157e-06,-0.017292,-17.9117923349482,-28.451822255942,-30.5598282401407,9.30331117262771,-30.346750867321,-38.2767632753107,12.6480359051925,47.5800744479384,2.44013188434737,-1.3155316127519,2.00854116028778,-29.8388318580853,-36.20830646176,38.2168476220478
"52","North West","Preston",0.102978685,16,465,9.9e-05,75.88652482,3.7,88,0.000121959,0.000999282,5.719375,-2.71816993,53.82199097,6.40833333333333,0.18,0.527779040305455,11.5480595848572,0.497035796784428,223.7,10.7771006471286,0.449480427266764,0.00478623676743403,-0.0079186,10.4045850008922,-17.0276039812784,-22.5140417777125,24.2198783319348,-23.1325867703747,-32.6030797908366,32.9186267786047,56.8229581227714,3.0274332849606,-0.726299357237977,22.1475843322784,-22.2168393520103,-31.089724088868,53.2373084211464
"53","South East","Reading",0.045211073,36,580,0.000402747,65.03067485,3.4,86,0.001691771,0.000651813,4.99125,-0.99071002,51.45301819,8.46363636363636,0.436060606060606,0.634257005057684,10.9609756097561,0.621219512195122,228.8,9.8472972972973,0.538648648648649,6.44782016144344e-07,-0.028452,-1.89370828637415,-30.238390221839,-35.907326608932,15.296626163881,-35.5791634492537,-45.7543213718806,34.0136183225578,61.0509475357616,2.21391632136034,-1.76832344529036,7.63066620633478,-33.1974672802715,-41.3630939775927,48.9937601839275
"54","London","Redbridge",0.032248154,47,734,0.000535958,31.22923588,4.3,88,0.002233508,0.000748179,4.7075,0.070085,51.58589172,6.89090909090909,0.564545454545455,0.591936011410167,10.5823529411765,0.672058823529412,196,9.13214285714286,0.629821428571429,0.006693285534715,-0.021912,-10.219090579312,-23.8104285767119,-26.5286961761919,-10.3648283784842,-33.4682148712491,-38.0888921698021,16.3096055968799,27.7240637913179,1.88723936777127,-1.52601298134171,-10.3075742430951,-29.6740845412524,-33.5473866008838,23.2398123577887
"55","South East","Reigate and Banstead",0.037633744,22,484,0.000112458,83.44827586,2.2,87,0.000219849,0.000423772,6.761875,-0.19870999,51.258461,7.58965517241379,0.682068965517241,0.735248745861409,10.6148148148148,0.831851851851852,488.6,9.04821428571429,0.754285714285714,0.000173265391684515,-0.027179,-3.64697732614872,-27.1636025152197,-31.8669275530339,-0.589639245012759,-32.7981722140125,-39.2398788078124,28.2199502268851,38.6502395627997,2.03566497988505,-1.72525072145742,-2.17290360845817,-29.8802700485662,-35.4217433365878,33.2488397281297
"56","North West","Rochdale",0.088105347,36,866,0.000136948,75.57603687,5.6,92,0.000175507,0.00070104,4.26125,-2.14784002,53.60741043,7.13529411764706,0.632352941176471,0.62256724994898,11.5379501930089,0.558579525548541,187.5,10.75010647426,0.571781084134591,4.95585260466167e-06,-0.0086949,4.75847403829978,-19.6416512384654,-24.5216762938185,29.412067336934,-22.9626884135639,-33.4376395636635,29.2801503321182,62.8497069005976,2.8723004534462,-0.786016362742669,25.0003716940205,-22.3683975506516,-31.842151399586,56.8425230936065
"57","Yorkshire and The Humber","Rotherham",0.066544934,35,987,9.15e-05,91.63498099,5,95,0.000338207,0.000315312,5.66125,-1.28650999,53.3955307,6.9,0.5075,0.716673127981447,11.3903225806452,0.44258064516129,246.7,10.4692307692308,0.455897435897436,0.00020289312257673,-0.0082224,14.033395065667,-5.77938394891324,-9.7419397518293,32.4893293725028,-13.4470890553473,-22.6343727409173,23.7753348174963,55.1237021134201,2.59403788696179,-0.749940731929599,28.7034966941775,-11.8742264694121,-19.98977110213,48.6932677963075
"58","North West","Salford",0.022000488,33,966,0.000256474,81.0483871,4.6,82,0.000640946,0.000569295,6.20375,-2.38485003,53.47927094,7.772,0.3404,0.721448993619239,12.1382303793617,0.660561606314754,169.8,10.9645125354472,0.574496658380681,0.0272197777754858,-0.016151,8.00617089756152,-30.1770039877664,-37.813638964832,36.7898947286257,-26.2555633803854,-38.8646550021877,45.8198098623935,75.6545497308134,1.52968068848847,-1.25695925431383,29.0523345589848,-27.3097140812943,-38.5821238093501,67.6344583683349
"59","West Midlands","Sandwell",0.064645861,37,1072,0.000378794,62.22910217,5.5,92,0.004291674,0.000428488,3.149375,-2.00770998,52.51477051,7.18095238095238,0.688095238095238,0.629108527723929,11.597087792247,0.605850748172144,187.5,10.6208894381713,0.624031109102512,1.55722197179868e-05,-0.017544,-5.27667986557438,-21.3792090124064,-24.5997148417728,14.3994269766333,-29.2951712338627,-38.0340908759619,19.3230349761984,52.4335178525952,2.56541535955486,-1.32807871159231,10.0499717799348,-27.5453269533302,-35.0643866999832,45.114358479918
"60","North West","Sefton",0.103512682,45,938,0.000177779,94.90909091,3.4,92,0.001826423,0.000405889,2.921875,-2.99203992,53.48210144,6.84210526315789,0.512105263157895,0.781850004541653,11.5833333333333,0.457333333333333,239.6,10.4430379746835,0.470506329113924,7.67120064851402e-08,-0.023491,-45.0516672829248,-36.204180503171,-34.4346831472203,-25.0057605083848,-39.0680532268677,-41.8805117705643,-10.6169841357045,16.8747512621794,3.03258130541329,-1.58968213440697,-29.8269279604894,-38.3792737110419,-40.0897428611524,10.262814900663
"61","Yorkshire and The Humber","Sheffield",0.159534556,110,2671,0.000156191,80.83623693,4.2,86,0.000266022,0.000501658,4.71875,-1.54253995,53.40357971,7.43571428571429,0.911428571428571,0.778284065336055,11.6366241651725,0.669661482064517,216.4,11.1019629077869,0.70043183889267,1.59275725969568e-07,-0.016271,-15.3308098724293,-22.621919457175,-24.0801413741242,15.0349765347468,-28.2127567081927,-36.8623033567806,8.74933150169483,51.8972798915274,3.4638034633132,-1.2632593991211,11.1702400829244,-27.5011956035177,-35.2354827408061,46.4057228237305
"62","West Midlands","Solihull",0.121534534,32,653,0.000119416,84.03755869,4.1,90,0.000294592,0.000279165,6.00625,-1.71557999,52.43099976,7.19285714285714,0.485714285714286,0.618940208284716,10.1807692307692,0.545961538461538,358.9,9.5469696969697,0.533181818181818,0.000148938736292231,-0.022461,-15.58118180477,-19.7730508190314,-20.6114246218836,-27.181110574223,-36.4930658984826,-38.3554569633345,5.0302428171136,11.1743463891116,3.19244880593122,-1.54857286953837,-24.7205196231269,-32.9463960331445,-34.591571315148,9.87105169202109
"63","South East","Southampton",0.113100119,22,546,0.000498906,72.90836653,4.5,83,0.00175888,0.000820317,4.29,-1.40024996,50.92037964,7.29375,0.6525,0.714489778290611,10.2068181818182,0.641136363636364,199.1,9.43,0.644166666666667,1.02292042461388e-07,-0.010424,-14.125,-19.71875,-20.8375,-18.6136363636364,-38.1264214009473,-42.0289784084095,6.7125,23.4153420447731,3.12078422001968,-0.911039392056425,-17.4166666666667,-33.2177090273613,-36.3779174995003,18.9612508328336
"64","London","Southwark",0.071069642,56,1260,0.001092633,40.83601286,4.8,66,0.015829527,0.001227419,2.554375,-0.07309,51.46588898,6.948,0.8892,0.791154828643449,9.808,0.5732,132.5,8.85466666666667,0.678533333333333,6.55946090191485e-07,-0.026455,17.1249555561937,-14.9817484202256,-21.4030892155095,13.4785273778782,-29.050130985431,-37.5558626580928,38.5280447717032,51.0343900359711,2.65913562684153,-1.69995335148511,14.6940034373167,-24.3606701303625,-32.1716048438984,46.8656082812151
"65","North West","St. Helens",0.079090858,31,739,0.000131372,96.62921348,4.3,95,0.00056868,0.000387215,5.888125,-2.70309997,53.45861816,6.65625,0.35625,0.514543190154591,10.4108695652174,0.587608695652174,191.3,9.44193548387097,0.527903225806452,0.00629756998264286,-0.019856,-34.7283391969611,-33.6606617565368,-33.4471262684519,-22.7374494270583,-36.1153365073085,-38.7909139233586,-1.28121292850922,16.0534644963002,2.76513220225748,-1.43717699005131,-25.8318725934849,-35.4818720554965,-37.4118719478988,11.5799993544139
"66","North West","Stockport",0.063234987,45,1052,0.0002309,88.3161512,3.7,91,0.000686029,0.000359805,4.755,-2.12467003,53.39115906,7.6448275862069,0.511724137931034,0.70592783815395,11.6,0.520192307692308,248.2,10.183950617284,0.51716049382716,7.96410076749847e-09,-0.028337,-12.8696259583415,-25.3021104477548,-27.7886073456375,12.3588609048665,-25.7379700000483,-33.3573361810313,14.918981387296,45.7161970858977,2.54361408473092,-1.76450334434583,3.32643968223648,-25.581921518363,-31.3635937584829,34.6900334407194
"67","West Midlands","Stoke-on-Trent",0.026313495,24,836,0.000272267,82.21343874,4.7,94,0.000825394,0.000437693,4.98875,-2.15888,53.01707077,8.49032258064516,0.248387096774194,0.527930359098686,11.9029951290643,0.707959922451605,170.7,10.7654376129246,0.554768980559134,0.000762428226670193,-0.013595,-4.42424242424242,-29.8787878787879,-34.969696969697,27.67177351067,-24.2824821926661,-34.6733333333333,30.5454545454545,62.3451068440033,1.69493823604274,-1.11421428479309,16.2828646305398,-26.26826808129,-34.7784946236559,51.0613592541957
"68","North East","Sunderland",0.096245423,60,1373,0.000200406,95.30685921,6.5,94,0.000833203,0.000469514,5.9925,-1.43343997,54.85720062,6.98095238095238,0.386666666666667,0.797385790942778,11.0875,0.57,162.6,9.83768115942029,0.514202898550725,6.26978949653792e-08,-0.026711,-13.917184040386,-22.4863683678372,-24.2002052333274,-8.3847492709268,-26.7484612891867,-30.4212036928387,10.2830211929414,22.0364544219119,2.96015150245447,-1.70896694989135,-10.0685337659796,-25.4513025739934,-28.5278563355962,18.4593225696166
"69","London","Sutton",0.07198271,54,703,0.000456418,66.33663366,4.2,88,0.00333578,0.000572239,3.66125,-0.17227,51.3575592,6.935,0.621,0.524530350072131,10.3628571428571,0.652857142857143,254,9.11636363636364,0.641272727272727,0.000320109874999393,-0.025347,-12.1944041666253,-19.3147685633079,-20.7388414426445,-10.1397504870544,-28.9463099270727,-32.7076218150764,8.54443727601912,22.567871328022,2.67177833769084,-1.66004186316417,-10.8868972796256,-25.4439312493401,-28.355338043283,17.4684407636573
"70","South West","Swindon",0.07152334,19,432,9.47e-05,81.19266055,3.5,91,0.000286921,0.001120397,5.20125,-1.73367,51.57762909,7.76,0.1145,0.57635479954357,10.4153846153846,0.683076923076923,216.4,9.51525423728814,0.490338983050847,2.02111606846109e-05,-0.022829,-11.2440630821207,-33.0455946534666,-37.4059009677357,-0.723175610094365,-34.5397959944128,-41.3031200712764,26.161837885615,40.5799444611821,2.66543750078197,-1.56343892980968,-4.28957814298464,-34.0332870652785,-39.9820288497372,35.6924507067526
"71","North West","Tameside",0.037547681,28,846,0.000217667,85.71428571,4.1,92,0.000398329,0.000517993,5.343125,-2.0769999,53.47866821,7.12,0.7756,0.502389177025386,11.8911981182135,0.654548771765412,166.6,10.6983985886601,0.684811578824059,3.89169552835207e-05,-0.005272,4.7613373414439,-19.7622480037584,-24.6669650727988,22.2013431071973,-23.874538661241,-33.0897150149287,29.4283024142427,55.291058122126,2.0334524541745,-0.505406976916836,17.841341665759,-22.8464659968703,-30.9840275293962,48.8253691951552
"72","Yorkshire and The Humber","Wakefield",0.073506588,28,772,9.9e-05,88.98809524,4.3,91,0.000410254,0.000277709,5.409375,-1.42092001,53.65922165,6.73529411764706,0.335294117647059,0.642476446673971,11.8106386455793,0.328260161552989,236.3,10.7834855863549,0.329683700286312,2.33617794940764e-05,-0.014527,-21.5482730887483,-25.0284319645813,-25.7244637397479,6.73877669403812,-24.1342935691419,-30.3089076217779,4.1761906509996,37.0476843158161,2.69253220866618,-1.16823624331253,1.01401661895039,-24.3152501491713,-29.3811035027957,30.3951201217461
"73","West Midlands","Walsall",0.054526669,48,1090,0.000265172,75.89928058,6,91,0.001486392,0.000494068,4.87875,-1.97044003,52.60503006,7.12,0.7756,0.604384413952918,11.6440677966102,0.465084745762712,247.4,10.297619047619,0.5575,0.000168070365503367,-0.023306,6.36199862715864,-23.0149308993644,-28.890316804669,20.0251387720069,-29.5514121671835,-39.4667223550216,35.2523154318277,59.4918611270284,2.39755646061123,-1.58241176074906,15.9587280146116,-27.6060308374754,-36.3189826078928,52.2777106225044
"74","London","Waltham Forest",0.118536439,36,716,0.000703916,36.49635036,5.2,86,0.00394075,0.000906525,4.199375,-0.01881,51.59460831,7.455,0.9035,0.790377506740134,10.0258064516129,0.504516129032258,128.7,9.01764705882353,0.660980392156863,4.35073795099777e-08,-0.032758,-36.3072057314412,-31.1685945990422,-30.1408723725624,-50.777131216277,-50.2662801686273,-50.1641099590974,-6.16633335887879,-0.613021257179604,3.16755702014646,-1.9022321648601,-45.1026506339885,-42.7769917099665,-42.3118599251621,-2.79079070882634
"75","London","Wandsworth",0.042959805,45,986,0.000926222,54.82866044,3.5,73,0.009810377,0.001070189,3.190625,-0.20021001,51.45238876,7.25416666666667,0.9125,0.678709332316404,10.1744680851064,0.574255319148936,113.8,9.18732394366197,0.688591549295775,0.0015185161109215,-0.03243,-2.51241925370637,-19.9699602968357,-23.4614685054616,6.2274851659578,-33.2703888802733,-41.1699636895195,20.9490492517552,47.3974488554773,2.16410588921558,-1.89261150672884,3.27315127762062,-28.7744693591113,-35.1839934864577,38.4571447640783
"76","North West","Warrington",0.100335565,38,795,0.000116525,89.04761905,3.2,93,0.000677372,0.000272756,5.28375,-2.56167006,53.39162827,6.67647058823529,0.298823529411765,0.699387319038004,11.9313214671244,0.435020385175965,235.6,10.9161798200663,0.40870962894879,7.3229863931294e-06,-0.020271,4.14446782608492,-25.8712282573035,-31.8743674739812,34.0297970963342,-25.0272482986225,-36.8386573776138,36.0188353000661,70.868454473948,3.0015564122556,-1.4556896889514,28.2564948509451,-25.1902898815495,-35.8796468280484,64.1361416789936
"77","West Midlands","Warwick",0.088897614,14,278,4.9e-05,84.17266187,2.7,90,0.000118148,0.000637498,6.10625,-1.58369005,52.3014183,6.58125,0.3175,0.530995259135786,10.4644444444444,0.600666666666667,363.6,9.44590163934426,0.526393442622951,9.11565060387382e-05,-0.02238,-37.2611828673566,-32.6332605990246,-31.7076761453582,-22.2704732812915,-36.1105735755177,-38.8785936343629,-5.5535067219984,16.6081203530714,2.88119592563368,-1.54527341347083,-26.2024626809151,-35.1984914833228,-36.9976972438043,10.7952345628892
"78","East of England","Watford",1.905550666,17,367,0.000452228,58.7628866,3,77,0.001275048,0.000787819,5.138125,-0.40428999,51.67169952,6.625,0,0.543471373327482,10.0191489361702,0.606808510638298,211.5,9.75294117647059,0.55921568627451,0.00101957045253209,-0.015062,-8.0711019296508,-15.7480975837067,-17.2834967145179,-40.4802312454281,-36.9524857402388,-36.2469366392009,9.21239478486709,-4.2332946062272,5.94309528172358,-1.19819744518056,-37.3028656262343,-34.8736241562651,-34.3877758622712,-2.91508976396305
"79","South East","West Berkshire",0.039818251,17,351,2.23e-05,89.17197452,2.5,90,4.35e-05,0.000815424,5.598125,-1.27364004,51.44559097,8.38571428571429,0.411142857142857,0.533502953513422,10.7038461538462,0.958461538461538,625.2,9.37377049180328,0.644426229508197,3.58976383358066e-06,-0.052384,-14.1714285714286,-30.5397509429407,-33.8134154172432,-21.2307692307692,-40.9139563263891,-44.850593745513,19.6419868458146,23.6198245147438,2.0902950350003,-2.35815175862351,-17.1803278688525,-34.9615434014597,-38.5177865079811,21.3374586391287
"80","London","Westminster",0.055929817,34,650,0.001160359,34.4,4.2,63,0.016432773,0.001317935,2.379375,-0.15295,51.51221085,6.82083333333333,0.940416666666667,0.659079062532176,10.0191489361702,0.606808510638298,82.1,8.93802816901408,0.719577464788732,0.000121295935131881,-0.023495,-14.1733401801833,-24.5519833497965,-26.6277119837191,-19.3689761177813,-43.3621335017325,-48.1607649785227,12.4543718035358,28.7917888607415,2.42255754233238,-1.58983879598261,-17.6127048149312,-37.0037728869936,-40.881986501406,23.2692816864748
"81","North West","Wigan",0.103481844,42,1199,0.000172458,94.73684211,3.6,94,0.000398115,0.000483263,6.7175,-2.57246995,53.51445007,6.81666666666667,0.316666666666667,0.650154968439765,11.4709090909091,0.498909090909091,186.1,10.3232876712329,0.453972602739726,2.10701122391333e-06,-0.01317,-14.5171909182019,-28.5800994262588,-31.3926811278702,1.0987612093775,-34.343533376196,-41.4319922933107,16.8754902096684,42.5307535026882,3.03228472699381,-1.0887737281718,-2.5378303819766,-33.0013638262107,-39.0940705150575,36.5562401330809
"82","South West","Wiltshire",0.020547974,18,499,1.51e-05,92.27642276,2.7,91,2.59e-05,0.000434902,5.234375,-1.92660999,51.32883072,8.55151515151515,0.305757575757576,0.515262259225335,10.365625,0.784375,492.1,9.44461538461538,0.541384615384615,0.00233938518370864,-0.029972,-23.9,-31.2111111111111,-32.6733333333333,-12.7428571428571,-33.9142857142857,-38.1485714285714,8.77333333333333,25.4057142857143,1.46787643688004,-1.81756064940657,-17.8923076923077,-32.6666666666667,-35.6215384615385,17.7292307692308
"83","North West","Wirral",0.083614017,52,1349,0.000204364,94.40993789,4,93,0.00101346,0.000398886,4.715,-3.06502008,53.37453842,6.79444444444444,0.282222222222222,0.815198394814391,11.9880400738571,0.49730898467171,247.2,11.0142408933422,0.456980216712431,6.52450121939503e-07,-0.017738,3.96980078594089,-22.9619834709049,-28.3483403222741,37.4386072854988,-18.8901686209758,-30.1559238022706,32.318141108215,67.5945310877694,2.82033010269172,-1.33764568801142,31.1632060668317,-19.6536339053375,-29.8170018997713,60.9802079666029
"84","West Midlands","Wolverhampton",0.047850903,37,1026,0.000373321,65.63706564,6.7,89,0.001761053,0.00053038,4.57,-2.12746,52.59788132,7.12692307692308,0.842307692307692,0.521125145412883,11.8611819774945,0.534105449310747,246.8,10.551706111379,0.619352878224796,0.000240672487117074,-0.017554,-44.8587338063207,-30.3106204342517,-27.4009977598379,-15.6400849668256,-34.5882118064141,-38.3778371743318,-17.4577360464828,22.7377522075062,2.26939589549509,-1.32857380514946,-23.7218389011541,-33.4050482353905,-35.3416901022378,11.6198512010837
